Código do Nível Geográfico;Nível Geográfico;Código do Item Geográfico;Item Geográfico;Ordem Geográfica;Código do Item Temporal;Nível Temporal;Item Temporal;Residência em 31/07/2005, UF;Residência em 31/07/2005, UF (código);Residência em 31/07/2005, UF (ordem);Residência em 31/07/2005, UF, município ou país estrangeiro;Residência em 31/07/2005, UF, município ou país estrangeiro (código);Residência em 31/07/2005, UF, município ou país estrangeiro (ordem);Frequência;Observações
9233;Mesorregião (2010);4110;Metropolitana de Curitiba;1;2010;8030;31/07/2010;AC, Acre;12;1;Unidade da Federação / Município;1;1;151;8
9233;Mesorregião (2010);4110;Metropolitana de Curitiba;1;2010;8030;31/07/2010;AL, Alagoas;27;2;Unidade da Federação / Município;1;1;693;53
9233;Mesorregião (2010);4110;Metropolitana de Curitiba;1;2010;8030;31/07/2010;AP, Amapá;16;3;Unidade da Federação / Município;1;1;X;X
9233;Mesorregião (2010);4110;Metropolitana de Curitiba;1;2010;8030;31/07/2010;AM, Amazonas;13;4;Unidade da Federação / Município;1;1;480;31
9233;Mesorregião (2010);4110;Metropolitana de Curitiba;1;2010;8030;31/07/2010;BA, Bahia;29;5;Unidade da Federação / Município;1;1;3315;233
9233;Mesorregião (2010);4110;Metropolitana de Curitiba;1;2010;8030;31/07/2010;CE, Ceara;23;6;Unidade da Federação / Município;1;1;1225;81
9233;Mesorregião (2010);4110;Metropolitana de Curitiba;1;2010;8030;31/07/2010;DF, Distrito Federal;53;7;Unidade da Federação / Município;1;1;1604;98
9233;Mesorregião (2010);4110;Metropolitana de Curitiba;1;2010;8030;31/07/2010;ES, Espirito Santo;32;8;Unidade da Federação / Município;1;1;697;51
9233;Mesorregião (2010);4110;Metropolitana de Curitiba;1;2010;8030;31/07/2010;GO, Goias;52;9;Unidade da Federação / Município;1;1;899;61
9233;Mesorregião (2010);4110;Metropolitana de Curitiba;1;2010;8030;31/07/2010;MA, Maranhão;21;10;Unidade da Federação / Município;1;1;592;55
9233;Mesorregião (2010);4110;Metropolitana de Curitiba;1;2010;8030;31/07/2010;MT, Mato Grosso;51;11;Unidade da Federação / Município;1;1;3199;239
9233;Mesorregião (2010);4110;Metropolitana de Curitiba;1;2010;8030;31/07/2010;MS, Mato Grosso do Sul;50;12;Unidade da Federação / Município;1;1;2877;205
9233;Mesorregião (2010);4110;Metropolitana de Curitiba;1;2010;8030;31/07/2010;MG, Minas Gerais;31;13;Unidade da Federação / Município;1;1;4867;336
9233;Mesorregião (2010);4110;Metropolitana de Curitiba;1;2010;8030;31/07/2010;PA, Para;15;14;Unidade da Federação / Município;1;1;1302;94
9233;Mesorregião (2010);4110;Metropolitana de Curitiba;1;2010;8030;31/07/2010;PB, Paraíba;25;15;Unidade da Federação / Município;1;1;1051;71
9233;Mesorregião (2010);4110;Metropolitana de Curitiba;1;2010;8030;31/07/2010;PE, Pernambuco;26;17;Unidade da Federação / Município;1;1;1470;112
9233;Mesorregião (2010);4110;Metropolitana de Curitiba;1;2010;8030;31/07/2010;PI, Piauí;22;18;Unidade da Federação / Município;1;1;540;38
9233;Mesorregião (2010);4110;Metropolitana de Curitiba;1;2010;8030;31/07/2010;RJ, Rio de Janeiro;33;19;Unidade da Federação / Município;1;1;4637;297
9233;Mesorregião (2010);4110;Metropolitana de Curitiba;1;2010;8030;31/07/2010;RN, Rio Grande do Norte;24;20;Unidade da Federação / Município;1;1;353;22
9233;Mesorregião (2010);4110;Metropolitana de Curitiba;1;2010;8030;31/07/2010;RS, Rio Grande do Sul;43;21;Unidade da Federação / Município;1;1;9356;658
9233;Mesorregião (2010);4110;Metropolitana de Curitiba;1;2010;8030;31/07/2010;RO, Rondônia;11;22;Unidade da Federação / Município;1;1;2019;134
9233;Mesorregião (2010);4110;Metropolitana de Curitiba;1;2010;8030;31/07/2010;SC, Santa Catarina;42;24;Unidade da Federação / Município;1;1;22519;1792
9233;Mesorregião (2010);4110;Metropolitana de Curitiba;1;2010;8030;31/07/2010;SP, São Paulo;35;25;Unidade da Federação / Município;1;1;36152;2656
9233;Mesorregião (2010);4110;Metropolitana de Curitiba;1;2010;8030;31/07/2010;SE, Sergipe;28;26;Unidade da Federação / Município;1;1;309;20
9233;Mesorregião (2010);4110;Metropolitana de Curitiba;1;2010;8030;31/07/2010;TO, Tocantins;17;27;Unidade da Federação / Município;1;1;141;7
9233;Mesorregião (2010);4110;Metropolitana de Curitiba;1;2010;8030;31/07/2010; Não Sabe UF;99;28;Unidade da Federação / Município;1;1;X;X
9233;Mesorregião (2010);4110;Metropolitana de Curitiba;1;2010;8030;31/07/2010;Ignorado;88;88;Unidade da Federação / Município;1;1;17498;1462
9235;Município (2010);4100202;ADRIANÓPOLIS;2;2010;8030;31/07/2010;ES, Espirito Santo;32;8;Unidade da Federação / Município;1;1;X;X
9235;Município (2010);4100202;ADRIANÓPOLIS;2;2010;8030;31/07/2010;GO, Goias;52;9;Unidade da Federação / Município;1;1;X;X
9235;Município (2010);4100202;ADRIANÓPOLIS;2;2010;8030;31/07/2010;MG, Minas Gerais;31;13;Unidade da Federação / Município;1;1;X;X
9235;Município (2010);4100202;ADRIANÓPOLIS;2;2010;8030;31/07/2010;SP, São Paulo;35;25;Unidade da Federação / Município;1;1;104;35
9235;Município (2010);4100202;ADRIANÓPOLIS;2;2010;8030;31/07/2010;Ignorado;88;88;Unidade da Federação / Município;1;1;26;8
9235;Município (2010);4100301;AGUDOS DO SUL;3;2010;8030;31/07/2010;MS, Mato Grosso do Sul;50;12;Unidade da Federação / Município;1;1;X;X
9235;Município (2010);4100301;AGUDOS DO SUL;3;2010;8030;31/07/2010;SC, Santa Catarina;42;24;Unidade da Federação / Município;1;1;142;25
9235;Município (2010);4100301;AGUDOS DO SUL;3;2010;8030;31/07/2010;SP, São Paulo;35;25;Unidade da Federação / Município;1;1;50;9
9235;Município (2010);4100301;AGUDOS DO SUL;3;2010;8030;31/07/2010;Ignorado;88;88;Unidade da Federação / Município;1;1;X;X
9235;Município (2010);4100400;ALMIRANTE TAMANDARÉ;4;2010;8030;31/07/2010;AP, Amapá;16;3;Unidade da Federação / Município;1;1;X;X
9235;Município (2010);4100400;ALMIRANTE TAMANDARÉ;4;2010;8030;31/07/2010;BA, Bahia;29;5;Unidade da Federação / Município;1;1;X;X
9235;Município (2010);4100400;ALMIRANTE TAMANDARÉ;4;2010;8030;31/07/2010;CE, Ceara;23;6;Unidade da Federação / Município;1;1;X;X
9235;Município (2010);4100400;ALMIRANTE TAMANDARÉ;4;2010;8030;31/07/2010;DF, Distrito Federal;53;7;Unidade da Federação / Município;1;1;X;X
9235;Município (2010);4100400;ALMIRANTE TAMANDARÉ;4;2010;8030;31/07/2010;GO, Goias;52;9;Unidade da Federação / Município;1;1;X;X
9235;Município (2010);4100400;ALMIRANTE TAMANDARÉ;4;2010;8030;31/07/2010;MA, Maranhão;21;10;Unidade da Federação / Município;1;1;64;9
9235;Município (2010);4100400;ALMIRANTE TAMANDARÉ;4;2010;8030;31/07/2010;MG, Minas Gerais;31;13;Unidade da Federação / Município;1;1;X;X
9235;Município (2010);4100400;ALMIRANTE TAMANDARÉ;4;2010;8030;31/07/2010;PB, Paraíba;25;15;Unidade da Federação / Município;1;1;X;X
9235;Município (2010);4100400;ALMIRANTE TAMANDARÉ;4;2010;8030;31/07/2010;RS, Rio Grande do Sul;43;21;Unidade da Federação / Município;1;1;115;13
9235;Município (2010);4100400;ALMIRANTE TAMANDARÉ;4;2010;8030;31/07/2010;RO, Rondônia;11;22;Unidade da Federação / Município;1;1;X;X
9235;Município (2010);4100400;ALMIRANTE TAMANDARÉ;4;2010;8030;31/07/2010;SC, Santa Catarina;42;24;Unidade da Federação / Município;1;1;153;15
9235;Município (2010);4100400;ALMIRANTE TAMANDARÉ;4;2010;8030;31/07/2010;SP, São Paulo;35;25;Unidade da Federação / Município;1;1;443;46
9235;Município (2010);4100400;ALMIRANTE TAMANDARÉ;4;2010;8030;31/07/2010;Ignorado;88;88;Unidade da Federação / Município;1;1;649;60
9235;Município (2010);4101200;ANTONINA;5;2010;8030;31/07/2010;AM, Amazonas;13;4;Unidade da Federação / Município;1;1;X;X
9235;Município (2010);4101200;ANTONINA;5;2010;8030;31/07/2010;BA, Bahia;29;5;Unidade da Federação / Município;1;1;X;X
9235;Município (2010);4101200;ANTONINA;5;2010;8030;31/07/2010;MT, Mato Grosso;51;11;Unidade da Federação / Município;1;1;41;8
9235;Município (2010);4101200;ANTONINA;5;2010;8030;31/07/2010;MS, Mato Grosso do Sul;50;12;Unidade da Federação / Município;1;1;22;6
9235;Município (2010);4101200;ANTONINA;5;2010;8030;31/07/2010;RJ, Rio de Janeiro;33;19;Unidade da Federação / Município;1;1;X;X
9235;Município (2010);4101200;ANTONINA;5;2010;8030;31/07/2010;RS, Rio Grande do Sul;43;21;Unidade da Federação / Município;1;1;X;X
9235;Município (2010);4101200;ANTONINA;5;2010;8030;31/07/2010;SC, Santa Catarina;42;24;Unidade da Federação / Município;1;1;41;8
9235;Município (2010);4101200;ANTONINA;5;2010;8030;31/07/2010;SP, São Paulo;35;25;Unidade da Federação / Município;1;1;72;15
9235;Município (2010);4101200;ANTONINA;5;2010;8030;31/07/2010;Ignorado;88;88;Unidade da Federação / Município;1;1;93;17
9235;Município (2010);4101804;ARAUCÁRIA;6;2010;8030;31/07/2010;AL, Alagoas;27;2;Unidade da Federação / Município;1;1;X;X
9235;Município (2010);4101804;ARAUCÁRIA;6;2010;8030;31/07/2010;BA, Bahia;29;5;Unidade da Federação / Município;1;1;468;46
9235;Município (2010);4101804;ARAUCÁRIA;6;2010;8030;31/07/2010;CE, Ceara;23;6;Unidade da Federação / Município;1;1;X;X
9235;Município (2010);4101804;ARAUCÁRIA;6;2010;8030;31/07/2010;ES, Espirito Santo;32;8;Unidade da Federação / Município;1;1;60;7
9235;Município (2010);4101804;ARAUCÁRIA;6;2010;8030;31/07/2010;GO, Goias;52;9;Unidade da Federação / Município;1;1;X;X
9235;Município (2010);4101804;ARAUCÁRIA;6;2010;8030;31/07/2010;MA, Maranhão;21;10;Unidade da Federação / Município;1;1;X;X
9235;Município (2010);4101804;ARAUCÁRIA;6;2010;8030;31/07/2010;MT, Mato Grosso;51;11;Unidade da Federação / Município;1;1;133;15
9235;Município (2010);4101804;ARAUCÁRIA;6;2010;8030;31/07/2010;MS, Mato Grosso do Sul;50;12;Unidade da Federação / Município;1;1;104;10
9235;Município (2010);4101804;ARAUCÁRIA;6;2010;8030;31/07/2010;MG, Minas Gerais;31;13;Unidade da Federação / Município;1;1;488;47
9235;Município (2010);4101804;ARAUCÁRIA;6;2010;8030;31/07/2010;PA, Para;15;14;Unidade da Federação / Município;1;1;X;X
9235;Município (2010);4101804;ARAUCÁRIA;6;2010;8030;31/07/2010;PE, Pernambuco;26;17;Unidade da Federação / Município;1;1;119;11
9235;Município (2010);4101804;ARAUCÁRIA;6;2010;8030;31/07/2010;PI, Piauí;22;18;Unidade da Federação / Município;1;1;114;10
9235;Município (2010);4101804;ARAUCÁRIA;6;2010;8030;31/07/2010;RJ, Rio de Janeiro;33;19;Unidade da Federação / Município;1;1;297;30
9235;Município (2010);4101804;ARAUCÁRIA;6;2010;8030;31/07/2010;RN, Rio Grande do Norte;24;20;Unidade da Federação / Município;1;1;102;9
9235;Município (2010);4101804;ARAUCÁRIA;6;2010;8030;31/07/2010;RS, Rio Grande do Sul;43;21;Unidade da Federação / Município;1;1;941;91
9235;Município (2010);4101804;ARAUCÁRIA;6;2010;8030;31/07/2010;RO, Rondônia;11;22;Unidade da Federação / Município;1;1;X;X
9235;Município (2010);4101804;ARAUCÁRIA;6;2010;8030;31/07/2010;SC, Santa Catarina;42;24;Unidade da Federação / Município;1;1;543;57
9235;Município (2010);4101804;ARAUCÁRIA;6;2010;8030;31/07/2010;SP, São Paulo;35;25;Unidade da Federação / Município;1;1;1438;140
9235;Município (2010);4101804;ARAUCÁRIA;6;2010;8030;31/07/2010;SE, Sergipe;28;26;Unidade da Federação / Município;1;1;X;X
9235;Município (2010);4101804;ARAUCÁRIA;6;2010;8030;31/07/2010;Ignorado;88;88;Unidade da Federação / Município;1;1;835;75
9235;Município (2010);4102307;BALSA NOVA;7;2010;8030;31/07/2010;GO, Goias;52;9;Unidade da Federação / Município;1;1;X;X
9235;Município (2010);4102307;BALSA NOVA;7;2010;8030;31/07/2010;MG, Minas Gerais;31;13;Unidade da Federação / Município;1;1;33;6
9235;Município (2010);4102307;BALSA NOVA;7;2010;8030;31/07/2010;RJ, Rio de Janeiro;33;19;Unidade da Federação / Município;1;1;X;X
9235;Município (2010);4102307;BALSA NOVA;7;2010;8030;31/07/2010;RS, Rio Grande do Sul;43;21;Unidade da Federação / Município;1;1;X;X
9235;Município (2010);4102307;BALSA NOVA;7;2010;8030;31/07/2010;SC, Santa Catarina;42;24;Unidade da Federação / Município;1;1;X;X
9235;Município (2010);4102307;BALSA NOVA;7;2010;8030;31/07/2010;SP, São Paulo;35;25;Unidade da Federação / Município;1;1;42;8
9235;Município (2010);4102307;BALSA NOVA;7;2010;8030;31/07/2010;Ignorado;88;88;Unidade da Federação / Município;1;1;44;9
9235;Município (2010);4103107;BOCAIÚVA DO SUL;8;2010;8030;31/07/2010;MT, Mato Grosso;51;11;Unidade da Federação / Município;1;1;X;X
9235;Município (2010);4103107;BOCAIÚVA DO SUL;8;2010;8030;31/07/2010;MS, Mato Grosso do Sul;50;12;Unidade da Federação / Município;1;1;X;X
9235;Município (2010);4103107;BOCAIÚVA DO SUL;8;2010;8030;31/07/2010;RS, Rio Grande do Sul;43;21;Unidade da Federação / Município;1;1;45;8
9235;Município (2010);4103107;BOCAIÚVA DO SUL;8;2010;8030;31/07/2010;SC, Santa Catarina;42;24;Unidade da Federação / Município;1;1;49;11
9235;Município (2010);4103107;BOCAIÚVA DO SUL;8;2010;8030;31/07/2010;SP, São Paulo;35;25;Unidade da Federação / Município;1;1;61;12
9235;Município (2010);4103107;BOCAIÚVA DO SUL;8;2010;8030;31/07/2010;Ignorado;88;88;Unidade da Federação / Município;1;1;73;14
9235;Município (2010);4104006;CAMPINA GRANDE DO SUL;9;2010;8030;31/07/2010;AL, Alagoas;27;2;Unidade da Federação / Município;1;1;67;7
9235;Município (2010);4104006;CAMPINA GRANDE DO SUL;9;2010;8030;31/07/2010;BA, Bahia;29;5;Unidade da Federação / Município;1;1;X;X
9235;Município (2010);4104006;CAMPINA GRANDE DO SUL;9;2010;8030;31/07/2010;DF, Distrito Federal;53;7;Unidade da Federação / Município;1;1;X;X
9235;Município (2010);4104006;CAMPINA GRANDE DO SUL;9;2010;8030;31/07/2010;MT, Mato Grosso;51;11;Unidade da Federação / Município;1;1;77;7
9235;Município (2010);4104006;CAMPINA GRANDE DO SUL;9;2010;8030;31/07/2010;MS, Mato Grosso do Sul;50;12;Unidade da Federação / Município;1;1;X;X
9235;Município (2010);4104006;CAMPINA GRANDE DO SUL;9;2010;8030;31/07/2010;MG, Minas Gerais;31;13;Unidade da Federação / Município;1;1;90;8
9235;Município (2010);4104006;CAMPINA GRANDE DO SUL;9;2010;8030;31/07/2010;PB, Paraíba;25;15;Unidade da Federação / Município;1;1;X;X
9235;Município (2010);4104006;CAMPINA GRANDE DO SUL;9;2010;8030;31/07/2010;PE, Pernambuco;26;17;Unidade da Federação / Município;1;1;X;X
9235;Município (2010);4104006;CAMPINA GRANDE DO SUL;9;2010;8030;31/07/2010;RJ, Rio de Janeiro;33;19;Unidade da Federação / Município;1;1;X;X
9235;Município (2010);4104006;CAMPINA GRANDE DO SUL;9;2010;8030;31/07/2010;RS, Rio Grande do Sul;43;21;Unidade da Federação / Município;1;1;X;X
9235;Município (2010);4104006;CAMPINA GRANDE DO SUL;9;2010;8030;31/07/2010;RO, Rondônia;11;22;Unidade da Federação / Município;1;1;X;X
9235;Município (2010);4104006;CAMPINA GRANDE DO SUL;9;2010;8030;31/07/2010;SC, Santa Catarina;42;24;Unidade da Federação / Município;1;1;343;37
9235;Município (2010);4104006;CAMPINA GRANDE DO SUL;9;2010;8030;31/07/2010;SP, São Paulo;35;25;Unidade da Federação / Município;1;1;880;98
9235;Município (2010);4104006;CAMPINA GRANDE DO SUL;9;2010;8030;31/07/2010;Ignorado;88;88;Unidade da Federação / Município;1;1;215;23
9235;Município (2010);4104105;CAMPO DO TENENTE;10;2010;8030;31/07/2010;GO, Goias;52;9;Unidade da Federação / Município;1;1;X;X
9235;Município (2010);4104105;CAMPO DO TENENTE;10;2010;8030;31/07/2010;MT, Mato Grosso;51;11;Unidade da Federação / Município;1;1;X;X
9235;Município (2010);4104105;CAMPO DO TENENTE;10;2010;8030;31/07/2010;RJ, Rio de Janeiro;33;19;Unidade da Federação / Município;1;1;X;X
9235;Município (2010);4104105;CAMPO DO TENENTE;10;2010;8030;31/07/2010;RS, Rio Grande do Sul;43;21;Unidade da Federação / Município;1;1;X;X
9235;Município (2010);4104105;CAMPO DO TENENTE;10;2010;8030;31/07/2010;SC, Santa Catarina;42;24;Unidade da Federação / Município;1;1;170;52
9235;Município (2010);4104105;CAMPO DO TENENTE;10;2010;8030;31/07/2010;SP, São Paulo;35;25;Unidade da Federação / Município;1;1;X;X
9235;Município (2010);4104105;CAMPO DO TENENTE;10;2010;8030;31/07/2010;Ignorado;88;88;Unidade da Federação / Município;1;1;33;9
9235;Município (2010);4104204;CAMPO LARGO;11;2010;8030;31/07/2010;AL, Alagoas;27;2;Unidade da Federação / Município;1;1;X;X
9235;Município (2010);4104204;CAMPO LARGO;11;2010;8030;31/07/2010;BA, Bahia;29;5;Unidade da Federação / Município;1;1;X;X
9235;Município (2010);4104204;CAMPO LARGO;11;2010;8030;31/07/2010;DF, Distrito Federal;53;7;Unidade da Federação / Município;1;1;X;X
9235;Município (2010);4104204;CAMPO LARGO;11;2010;8030;31/07/2010;GO, Goias;52;9;Unidade da Federação / Município;1;1;X;X
9235;Município (2010);4104204;CAMPO LARGO;11;2010;8030;31/07/2010;MT, Mato Grosso;51;11;Unidade da Federação / Município;1;1;72;8
9235;Município (2010);4104204;CAMPO LARGO;11;2010;8030;31/07/2010;MS, Mato Grosso do Sul;50;12;Unidade da Federação / Município;1;1;X;X
9235;Município (2010);4104204;CAMPO LARGO;11;2010;8030;31/07/2010;MG, Minas Gerais;31;13;Unidade da Federação / Município;1;1;82;8
9235;Município (2010);4104204;CAMPO LARGO;11;2010;8030;31/07/2010;PA, Para;15;14;Unidade da Federação / Município;1;1;X;X
9235;Município (2010);4104204;CAMPO LARGO;11;2010;8030;31/07/2010;PE, Pernambuco;26;17;Unidade da Federação / Município;1;1;X;X
9235;Município (2010);4104204;CAMPO LARGO;11;2010;8030;31/07/2010;RJ, Rio de Janeiro;33;19;Unidade da Federação / Município;1;1;106;10
9235;Município (2010);4104204;CAMPO LARGO;11;2010;8030;31/07/2010;RS, Rio Grande do Sul;43;21;Unidade da Federação / Município;1;1;71;8
9235;Município (2010);4104204;CAMPO LARGO;11;2010;8030;31/07/2010;RO, Rondônia;11;22;Unidade da Federação / Município;1;1;X;X
9235;Município (2010);4104204;CAMPO LARGO;11;2010;8030;31/07/2010;SC, Santa Catarina;42;24;Unidade da Federação / Município;1;1;233;21
9235;Município (2010);4104204;CAMPO LARGO;11;2010;8030;31/07/2010;SP, São Paulo;35;25;Unidade da Federação / Município;1;1;708;74
9235;Município (2010);4104204;CAMPO LARGO;11;2010;8030;31/07/2010;Ignorado;88;88;Unidade da Federação / Município;1;1;676;66
9235;Município (2010);4104253;CAMPO MAGRO;12;2010;8030;31/07/2010;MT, Mato Grosso;51;11;Unidade da Federação / Município;1;1;X;X
9235;Município (2010);4104253;CAMPO MAGRO;12;2010;8030;31/07/2010;MS, Mato Grosso do Sul;50;12;Unidade da Federação / Município;1;1;X;X
9235;Município (2010);4104253;CAMPO MAGRO;12;2010;8030;31/07/2010;PA, Para;15;14;Unidade da Federação / Município;1;1;74;6
9235;Município (2010);4104253;CAMPO MAGRO;12;2010;8030;31/07/2010;RJ, Rio de Janeiro;33;19;Unidade da Federação / Município;1;1;X;X
9235;Município (2010);4104253;CAMPO MAGRO;12;2010;8030;31/07/2010;SC, Santa Catarina;42;24;Unidade da Federação / Município;1;1;X;X
9235;Município (2010);4104253;CAMPO MAGRO;12;2010;8030;31/07/2010;SP, São Paulo;35;25;Unidade da Federação / Município;1;1;122;13
9235;Município (2010);4104253;CAMPO MAGRO;12;2010;8030;31/07/2010;Ignorado;88;88;Unidade da Federação / Município;1;1;172;19
9235;Município (2010);4105201;CERRO AZUL;13;2010;8030;31/07/2010;BA, Bahia;29;5;Unidade da Federação / Município;1;1;X;X
9235;Município (2010);4105201;CERRO AZUL;13;2010;8030;31/07/2010;PA, Para;15;14;Unidade da Federação / Município;1;1;X;X
9235;Município (2010);4105201;CERRO AZUL;13;2010;8030;31/07/2010;SC, Santa Catarina;42;24;Unidade da Federação / Município;1;1;X;X
9235;Município (2010);4105201;CERRO AZUL;13;2010;8030;31/07/2010;SP, São Paulo;35;25;Unidade da Federação / Município;1;1;X;X
9235;Município (2010);4105201;CERRO AZUL;13;2010;8030;31/07/2010;Ignorado;88;88;Unidade da Federação / Município;1;1;44;9
9235;Município (2010);4105805;COLOMBO;14;2010;8030;31/07/2010;AL, Alagoas;27;2;Unidade da Federação / Município;1;1;86;7
9235;Município (2010);4105805;COLOMBO;14;2010;8030;31/07/2010;AM, Amazonas;13;4;Unidade da Federação / Município;1;1;X;X
9235;Município (2010);4105805;COLOMBO;14;2010;8030;31/07/2010;BA, Bahia;29;5;Unidade da Federação / Município;1;1;172;17
9235;Município (2010);4105805;COLOMBO;14;2010;8030;31/07/2010;CE, Ceara;23;6;Unidade da Federação / Município;1;1;69;10
9235;Município (2010);4105805;COLOMBO;14;2010;8030;31/07/2010;DF, Distrito Federal;53;7;Unidade da Federação / Município;1;1;122;10
9235;Município (2010);4105805;COLOMBO;14;2010;8030;31/07/2010;ES, Espirito Santo;32;8;Unidade da Federação / Município;1;1;X;X
9235;Município (2010);4105805;COLOMBO;14;2010;8030;31/07/2010;GO, Goias;52;9;Unidade da Federação / Município;1;1;X;X
9235;Município (2010);4105805;COLOMBO;14;2010;8030;31/07/2010;MA, Maranhão;21;10;Unidade da Federação / Município;1;1;X;X
9235;Município (2010);4105805;COLOMBO;14;2010;8030;31/07/2010;MT, Mato Grosso;51;11;Unidade da Federação / Município;1;1;285;26
9235;Município (2010);4105805;COLOMBO;14;2010;8030;31/07/2010;MS, Mato Grosso do Sul;50;12;Unidade da Federação / Município;1;1;X;X
9235;Município (2010);4105805;COLOMBO;14;2010;8030;31/07/2010;MG, Minas Gerais;31;13;Unidade da Federação / Município;1;1;256;25
9235;Município (2010);4105805;COLOMBO;14;2010;8030;31/07/2010;PA, Para;15;14;Unidade da Federação / Município;1;1;X;X
9235;Município (2010);4105805;COLOMBO;14;2010;8030;31/07/2010;PB, Paraíba;25;15;Unidade da Federação / Município;1;1;153;19
9235;Município (2010);4105805;COLOMBO;14;2010;8030;31/07/2010;PE, Pernambuco;26;17;Unidade da Federação / Município;1;1;98;15
9235;Município (2010);4105805;COLOMBO;14;2010;8030;31/07/2010;PI, Piauí;22;18;Unidade da Federação / Município;1;1;X;X
9235;Município (2010);4105805;COLOMBO;14;2010;8030;31/07/2010;RJ, Rio de Janeiro;33;19;Unidade da Federação / Município;1;1;166;15
9235;Município (2010);4105805;COLOMBO;14;2010;8030;31/07/2010;RS, Rio Grande do Sul;43;21;Unidade da Federação / Município;1;1;152;15
9235;Município (2010);4105805;COLOMBO;14;2010;8030;31/07/2010;RO, Rondônia;11;22;Unidade da Federação / Município;1;1;X;X
9235;Município (2010);4105805;COLOMBO;14;2010;8030;31/07/2010;SC, Santa Catarina;42;24;Unidade da Federação / Município;1;1;1056;102
9235;Município (2010);4105805;COLOMBO;14;2010;8030;31/07/2010;SP, São Paulo;35;25;Unidade da Federação / Município;1;1;2394;226
9235;Município (2010);4105805;COLOMBO;14;2010;8030;31/07/2010;SE, Sergipe;28;26;Unidade da Federação / Município;1;1;X;X
9235;Município (2010);4105805;COLOMBO;14;2010;8030;31/07/2010;Ignorado;88;88;Unidade da Federação / Município;1;1;1270;119
9235;Município (2010);4106209;CONTENDA;15;2010;8030;31/07/2010;DF, Distrito Federal;53;7;Unidade da Federação / Município;1;1;X;X
9235;Município (2010);4106209;CONTENDA;15;2010;8030;31/07/2010;ES, Espirito Santo;32;8;Unidade da Federação / Município;1;1;X;X
9235;Município (2010);4106209;CONTENDA;15;2010;8030;31/07/2010;MG, Minas Gerais;31;13;Unidade da Federação / Município;1;1;X;X
9235;Município (2010);4106209;CONTENDA;15;2010;8030;31/07/2010;PA, Para;15;14;Unidade da Federação / Município;1;1;X;X
9235;Município (2010);4106209;CONTENDA;15;2010;8030;31/07/2010;RJ, Rio de Janeiro;33;19;Unidade da Federação / Município;1;1;X;X
9235;Município (2010);4106209;CONTENDA;15;2010;8030;31/07/2010;RS, Rio Grande do Sul;43;21;Unidade da Federação / Município;1;1;X;X
9235;Município (2010);4106209;CONTENDA;15;2010;8030;31/07/2010;SC, Santa Catarina;42;24;Unidade da Federação / Município;1;1;36;7
9235;Município (2010);4106209;CONTENDA;15;2010;8030;31/07/2010;SP, São Paulo;35;25;Unidade da Federação / Município;1;1;X;X
9235;Município (2010);4106209;CONTENDA;15;2010;8030;31/07/2010;Ignorado;88;88;Unidade da Federação / Município;1;1;32;6
9235;Município (2010);4106902;CURITIBA;16;2010;8030;31/07/2010;AC, Acre;12;1;Unidade da Federação / Município;1;1;X;X
9235;Município (2010);4106902;CURITIBA;16;2010;8030;31/07/2010;AL, Alagoas;27;2;Unidade da Federação / Município;1;1;308;16
9235;Município (2010);4106902;CURITIBA;16;2010;8030;31/07/2010;AP, Amapá;16;3;Unidade da Federação / Município;1;1;X;X
9235;Município (2010);4106902;CURITIBA;16;2010;8030;31/07/2010;AM, Amazonas;13;4;Unidade da Federação / Município;1;1;377;19
9235;Município (2010);4106902;CURITIBA;16;2010;8030;31/07/2010;BA, Bahia;29;5;Unidade da Federação / Município;1;1;1775;84
9235;Município (2010);4106902;CURITIBA;16;2010;8030;31/07/2010;CE, Ceara;23;6;Unidade da Federação / Município;1;1;702;32
9235;Município (2010);4106902;CURITIBA;16;2010;8030;31/07/2010;DF, Distrito Federal;53;7;Unidade da Federação / Município;1;1;1190;57
9235;Município (2010);4106902;CURITIBA;16;2010;8030;31/07/2010;ES, Espirito Santo;32;8;Unidade da Federação / Município;1;1;505;23
9235;Município (2010);4106902;CURITIBA;16;2010;8030;31/07/2010;GO, Goias;52;9;Unidade da Federação / Município;1;1;660;30
9235;Município (2010);4106902;CURITIBA;16;2010;8030;31/07/2010;MA, Maranhão;21;10;Unidade da Federação / Município;1;1;326;16
9235;Município (2010);4106902;CURITIBA;16;2010;8030;31/07/2010;MT, Mato Grosso;51;11;Unidade da Federação / Município;1;1;1861;92
9235;Município (2010);4106902;CURITIBA;16;2010;8030;31/07/2010;MS, Mato Grosso do Sul;50;12;Unidade da Federação / Município;1;1;1900;96
9235;Município (2010);4106902;CURITIBA;16;2010;8030;31/07/2010;MG, Minas Gerais;31;13;Unidade da Federação / Município;1;1;3059;146
9235;Município (2010);4106902;CURITIBA;16;2010;8030;31/07/2010;PA, Para;15;14;Unidade da Federação / Município;1;1;837;42
9235;Município (2010);4106902;CURITIBA;16;2010;8030;31/07/2010;PB, Paraíba;25;15;Unidade da Federação / Município;1;1;718;33
9235;Município (2010);4106902;CURITIBA;16;2010;8030;31/07/2010;PE, Pernambuco;26;17;Unidade da Federação / Município;1;1;877;46
9235;Município (2010);4106902;CURITIBA;16;2010;8030;31/07/2010;PI, Piauí;22;18;Unidade da Federação / Município;1;1;319;15
9235;Município (2010);4106902;CURITIBA;16;2010;8030;31/07/2010;RJ, Rio de Janeiro;33;19;Unidade da Federação / Município;1;1;3299;159
9235;Município (2010);4106902;CURITIBA;16;2010;8030;31/07/2010;RN, Rio Grande do Norte;24;20;Unidade da Federação / Município;1;1;205;8
9235;Município (2010);4106902;CURITIBA;16;2010;8030;31/07/2010;RS, Rio Grande do Sul;43;21;Unidade da Federação / Município;1;1;5764;279
9235;Município (2010);4106902;CURITIBA;16;2010;8030;31/07/2010;RO, Rondônia;11;22;Unidade da Federação / Município;1;1;1345;66
9235;Município (2010);4106902;CURITIBA;16;2010;8030;31/07/2010;SC, Santa Catarina;42;24;Unidade da Federação / Município;1;1;12515;613
9235;Município (2010);4106902;CURITIBA;16;2010;8030;31/07/2010;SP, São Paulo;35;25;Unidade da Federação / Município;1;1;21267;1026
9235;Município (2010);4106902;CURITIBA;16;2010;8030;31/07/2010;SE, Sergipe;28;26;Unidade da Federação / Município;1;1;223;10
9235;Município (2010);4106902;CURITIBA;16;2010;8030;31/07/2010;TO, Tocantins;17;27;Unidade da Federação / Município;1;1;129;6
9235;Município (2010);4106902;CURITIBA;16;2010;8030;31/07/2010; Não Sabe UF;99;28;Unidade da Federação / Município;1;1;X;X
9235;Município (2010);4106902;CURITIBA;16;2010;8030;31/07/2010;Ignorado;88;88;Unidade da Federação / Município;1;1;7227;352
9235;Município (2010);4107652;FAZENDA RIO GRANDE;17;2010;8030;31/07/2010;BA, Bahia;29;5;Unidade da Federação / Município;1;1;X;X
9235;Município (2010);4107652;FAZENDA RIO GRANDE;17;2010;8030;31/07/2010;CE, Ceara;23;6;Unidade da Federação / Município;1;1;X;X
9235;Município (2010);4107652;FAZENDA RIO GRANDE;17;2010;8030;31/07/2010;ES, Espirito Santo;32;8;Unidade da Federação / Município;1;1;X;X
9235;Município (2010);4107652;FAZENDA RIO GRANDE;17;2010;8030;31/07/2010;GO, Goias;52;9;Unidade da Federação / Município;1;1;X;X
9235;Município (2010);4107652;FAZENDA RIO GRANDE;17;2010;8030;31/07/2010;MA, Maranhão;21;10;Unidade da Federação / Município;1;1;X;X
9235;Município (2010);4107652;FAZENDA RIO GRANDE;17;2010;8030;31/07/2010;MT, Mato Grosso;51;11;Unidade da Federação / Município;1;1;106;11
9235;Município (2010);4107652;FAZENDA RIO GRANDE;17;2010;8030;31/07/2010;MS, Mato Grosso do Sul;50;12;Unidade da Federação / Município;1;1;53;6
9235;Município (2010);4107652;FAZENDA RIO GRANDE;17;2010;8030;31/07/2010;MG, Minas Gerais;31;13;Unidade da Federação / Município;1;1;X;X
9235;Município (2010);4107652;FAZENDA RIO GRANDE;17;2010;8030;31/07/2010;PA, Para;15;14;Unidade da Federação / Município;1;1;X;X
9235;Município (2010);4107652;FAZENDA RIO GRANDE;17;2010;8030;31/07/2010;PE, Pernambuco;26;17;Unidade da Federação / Município;1;1;97;13
9235;Município (2010);4107652;FAZENDA RIO GRANDE;17;2010;8030;31/07/2010;RJ, Rio de Janeiro;33;19;Unidade da Federação / Município;1;1;X;X
9235;Município (2010);4107652;FAZENDA RIO GRANDE;17;2010;8030;31/07/2010;RN, Rio Grande do Norte;24;20;Unidade da Federação / Município;1;1;X;X
9235;Município (2010);4107652;FAZENDA RIO GRANDE;17;2010;8030;31/07/2010;RS, Rio Grande do Sul;43;21;Unidade da Federação / Município;1;1;X;X
9235;Município (2010);4107652;FAZENDA RIO GRANDE;17;2010;8030;31/07/2010;RO, Rondônia;11;22;Unidade da Federação / Município;1;1;X;X
9235;Município (2010);4107652;FAZENDA RIO GRANDE;17;2010;8030;31/07/2010;SC, Santa Catarina;42;24;Unidade da Federação / Município;1;1;423;45
9235;Município (2010);4107652;FAZENDA RIO GRANDE;17;2010;8030;31/07/2010;SP, São Paulo;35;25;Unidade da Federação / Município;1;1;341;42
9235;Município (2010);4107652;FAZENDA RIO GRANDE;17;2010;8030;31/07/2010;SE, Sergipe;28;26;Unidade da Federação / Município;1;1;X;X
9235;Município (2010);4107652;FAZENDA RIO GRANDE;17;2010;8030;31/07/2010;Ignorado;88;88;Unidade da Federação / Município;1;1;587;60
9235;Município (2010);4109500;GUARAQUEÇABA;18;2010;8030;31/07/2010;BA, Bahia;29;5;Unidade da Federação / Município;1;1;X;X
9235;Município (2010);4109500;GUARAQUEÇABA;18;2010;8030;31/07/2010;SC, Santa Catarina;42;24;Unidade da Federação / Município;1;1;X;X
9235;Município (2010);4109500;GUARAQUEÇABA;18;2010;8030;31/07/2010;SP, São Paulo;35;25;Unidade da Federação / Município;1;1;44;15
9235;Município (2010);4109500;GUARAQUEÇABA;18;2010;8030;31/07/2010;Ignorado;88;88;Unidade da Federação / Município;1;1;X;X
9235;Município (2010);4109609;GUARATUBA;19;2010;8030;31/07/2010;BA, Bahia;29;5;Unidade da Federação / Município;1;1;X;X
9235;Município (2010);4109609;GUARATUBA;19;2010;8030;31/07/2010;CE, Ceara;23;6;Unidade da Federação / Município;1;1;X;X
9235;Município (2010);4109609;GUARATUBA;19;2010;8030;31/07/2010;DF, Distrito Federal;53;7;Unidade da Federação / Município;1;1;X;X
9235;Município (2010);4109609;GUARATUBA;19;2010;8030;31/07/2010;ES, Espirito Santo;32;8;Unidade da Federação / Município;1;1;X;X
9235;Município (2010);4109609;GUARATUBA;19;2010;8030;31/07/2010;MS, Mato Grosso do Sul;50;12;Unidade da Federação / Município;1;1;70;6
9235;Município (2010);4109609;GUARATUBA;19;2010;8030;31/07/2010;MG, Minas Gerais;31;13;Unidade da Federação / Município;1;1;X;X
9235;Município (2010);4109609;GUARATUBA;19;2010;8030;31/07/2010;RS, Rio Grande do Sul;43;21;Unidade da Federação / Município;1;1;139;13
9235;Município (2010);4109609;GUARATUBA;19;2010;8030;31/07/2010;SC, Santa Catarina;42;24;Unidade da Federação / Município;1;1;752;70
9235;Município (2010);4109609;GUARATUBA;19;2010;8030;31/07/2010;SP, São Paulo;35;25;Unidade da Federação / Município;1;1;222;17
9235;Município (2010);4109609;GUARATUBA;19;2010;8030;31/07/2010;Ignorado;88;88;Unidade da Federação / Município;1;1;264;24
9235;Município (2010);4111258;ITAPERUÇU;20;2010;8030;31/07/2010;DF, Distrito Federal;53;7;Unidade da Federação / Município;1;1;X;X
9235;Município (2010);4111258;ITAPERUÇU;20;2010;8030;31/07/2010;RJ, Rio de Janeiro;33;19;Unidade da Federação / Município;1;1;X;X
9235;Município (2010);4111258;ITAPERUÇU;20;2010;8030;31/07/2010;RS, Rio Grande do Sul;43;21;Unidade da Federação / Município;1;1;116;10
9235;Município (2010);4111258;ITAPERUÇU;20;2010;8030;31/07/2010;SC, Santa Catarina;42;24;Unidade da Federação / Município;1;1;102;9
9235;Município (2010);4111258;ITAPERUÇU;20;2010;8030;31/07/2010;SP, São Paulo;35;25;Unidade da Federação / Município;1;1;X;X
9235;Município (2010);4111258;ITAPERUÇU;20;2010;8030;31/07/2010;Ignorado;88;88;Unidade da Federação / Município;1;1;X;X
9235;Município (2010);4113205;LAPA;21;2010;8030;31/07/2010;MT, Mato Grosso;51;11;Unidade da Federação / Município;1;1;X;X
9235;Município (2010);4113205;LAPA;21;2010;8030;31/07/2010;MS, Mato Grosso do Sul;50;12;Unidade da Federação / Município;1;1;X;X
9235;Município (2010);4113205;LAPA;21;2010;8030;31/07/2010;MG, Minas Gerais;31;13;Unidade da Federação / Município;1;1;X;X
9235;Município (2010);4113205;LAPA;21;2010;8030;31/07/2010;RJ, Rio de Janeiro;33;19;Unidade da Federação / Município;1;1;X;X
9235;Município (2010);4113205;LAPA;21;2010;8030;31/07/2010;RS, Rio Grande do Sul;43;21;Unidade da Federação / Município;1;1;60;6
9235;Município (2010);4113205;LAPA;21;2010;8030;31/07/2010;SC, Santa Catarina;42;24;Unidade da Federação / Município;1;1;226;19
9235;Município (2010);4113205;LAPA;21;2010;8030;31/07/2010;SP, São Paulo;35;25;Unidade da Federação / Município;1;1;X;X
9235;Município (2010);4113205;LAPA;21;2010;8030;31/07/2010;Ignorado;88;88;Unidade da Federação / Município;1;1;X;X
9235;Município (2010);4114302;MANDIRITUBA;22;2010;8030;31/07/2010;MT, Mato Grosso;51;11;Unidade da Federação / Município;1;1;X;X
9235;Município (2010);4114302;MANDIRITUBA;22;2010;8030;31/07/2010;MG, Minas Gerais;31;13;Unidade da Federação / Município;1;1;X;X
9235;Município (2010);4114302;MANDIRITUBA;22;2010;8030;31/07/2010;SC, Santa Catarina;42;24;Unidade da Federação / Município;1;1;58;6
9235;Município (2010);4114302;MANDIRITUBA;22;2010;8030;31/07/2010;SP, São Paulo;35;25;Unidade da Federação / Município;1;1;X;X
9235;Município (2010);4114302;MANDIRITUBA;22;2010;8030;31/07/2010;Ignorado;88;88;Unidade da Federação / Município;1;1;92;10
9235;Município (2010);4115705;MATINHOS;23;2010;8030;31/07/2010;DF, Distrito Federal;53;7;Unidade da Federação / Município;1;1;X;X
9235;Município (2010);4115705;MATINHOS;23;2010;8030;31/07/2010;MA, Maranhão;21;10;Unidade da Federação / Município;1;1;X;X
9235;Município (2010);4115705;MATINHOS;23;2010;8030;31/07/2010;MT, Mato Grosso;51;11;Unidade da Federação / Município;1;1;X;X
9235;Município (2010);4115705;MATINHOS;23;2010;8030;31/07/2010;MS, Mato Grosso do Sul;50;12;Unidade da Federação / Município;1;1;X;X
9235;Município (2010);4115705;MATINHOS;23;2010;8030;31/07/2010;MG, Minas Gerais;31;13;Unidade da Federação / Município;1;1;X;X
9235;Município (2010);4115705;MATINHOS;23;2010;8030;31/07/2010;RJ, Rio de Janeiro;33;19;Unidade da Federação / Município;1;1;79;8
9235;Município (2010);4115705;MATINHOS;23;2010;8030;31/07/2010;RS, Rio Grande do Sul;43;21;Unidade da Federação / Município;1;1;115;10
9235;Município (2010);4115705;MATINHOS;23;2010;8030;31/07/2010;RO, Rondônia;11;22;Unidade da Federação / Município;1;1;X;X
9235;Município (2010);4115705;MATINHOS;23;2010;8030;31/07/2010;SC, Santa Catarina;42;24;Unidade da Federação / Município;1;1;248;23
9235;Município (2010);4115705;MATINHOS;23;2010;8030;31/07/2010;SP, São Paulo;35;25;Unidade da Federação / Município;1;1;306;30
9235;Município (2010);4115705;MATINHOS;23;2010;8030;31/07/2010;Ignorado;88;88;Unidade da Federação / Município;1;1;208;19
9235;Município (2010);4116208;MORRETES;24;2010;8030;31/07/2010;AL, Alagoas;27;2;Unidade da Federação / Município;1;1;X;X
9235;Município (2010);4116208;MORRETES;24;2010;8030;31/07/2010;BA, Bahia;29;5;Unidade da Federação / Município;1;1;X;X
9235;Município (2010);4116208;MORRETES;24;2010;8030;31/07/2010;MT, Mato Grosso;51;11;Unidade da Federação / Município;1;1;X;X
9235;Município (2010);4116208;MORRETES;24;2010;8030;31/07/2010;MS, Mato Grosso do Sul;50;12;Unidade da Federação / Município;1;1;X;X
9235;Município (2010);4116208;MORRETES;24;2010;8030;31/07/2010;RJ, Rio de Janeiro;33;19;Unidade da Federação / Município;1;1;X;X
9235;Município (2010);4116208;MORRETES;24;2010;8030;31/07/2010;RS, Rio Grande do Sul;43;21;Unidade da Federação / Município;1;1;X;X
9235;Município (2010);4116208;MORRETES;24;2010;8030;31/07/2010;RO, Rondônia;11;22;Unidade da Federação / Município;1;1;X;X
9235;Município (2010);4116208;MORRETES;24;2010;8030;31/07/2010;SC, Santa Catarina;42;24;Unidade da Federação / Município;1;1;45;10
9235;Município (2010);4116208;MORRETES;24;2010;8030;31/07/2010;SP, São Paulo;35;25;Unidade da Federação / Município;1;1;29;6
9235;Município (2010);4116208;MORRETES;24;2010;8030;31/07/2010;Ignorado;88;88;Unidade da Federação / Município;1;1;75;16
9235;Município (2010);4118204;PARANAGUÁ;25;2010;8030;31/07/2010;AL, Alagoas;27;2;Unidade da Federação / Município;1;1;X;X
9235;Município (2010);4118204;PARANAGUÁ;25;2010;8030;31/07/2010;BA, Bahia;29;5;Unidade da Federação / Município;1;1;95;9
9235;Município (2010);4118204;PARANAGUÁ;25;2010;8030;31/07/2010;CE, Ceara;23;6;Unidade da Federação / Município;1;1;102;7
9235;Município (2010);4118204;PARANAGUÁ;25;2010;8030;31/07/2010;GO, Goias;52;9;Unidade da Federação / Município;1;1;X;X
9235;Município (2010);4118204;PARANAGUÁ;25;2010;8030;31/07/2010;MT, Mato Grosso;51;11;Unidade da Federação / Município;1;1;61;6
9235;Município (2010);4118204;PARANAGUÁ;25;2010;8030;31/07/2010;MS, Mato Grosso do Sul;50;12;Unidade da Federação / Município;1;1;69;7
9235;Município (2010);4118204;PARANAGUÁ;25;2010;8030;31/07/2010;MG, Minas Gerais;31;13;Unidade da Federação / Município;1;1;X;X
9235;Município (2010);4118204;PARANAGUÁ;25;2010;8030;31/07/2010;PA, Para;15;14;Unidade da Federação / Município;1;1;72;7
9235;Município (2010);4118204;PARANAGUÁ;25;2010;8030;31/07/2010;PB, Paraíba;25;15;Unidade da Federação / Município;1;1;X;X
9235;Município (2010);4118204;PARANAGUÁ;25;2010;8030;31/07/2010;PE, Pernambuco;26;17;Unidade da Federação / Município;1;1;72;6
9235;Município (2010);4118204;PARANAGUÁ;25;2010;8030;31/07/2010;PI, Piauí;22;18;Unidade da Federação / Município;1;1;X;X
9235;Município (2010);4118204;PARANAGUÁ;25;2010;8030;31/07/2010;RJ, Rio de Janeiro;33;19;Unidade da Federação / Município;1;1;174;17
9235;Município (2010);4118204;PARANAGUÁ;25;2010;8030;31/07/2010;RS, Rio Grande do Sul;43;21;Unidade da Federação / Município;1;1;282;25
9235;Município (2010);4118204;PARANAGUÁ;25;2010;8030;31/07/2010;RO, Rondônia;11;22;Unidade da Federação / Município;1;1;X;X
9235;Município (2010);4118204;PARANAGUÁ;25;2010;8030;31/07/2010;SC, Santa Catarina;42;24;Unidade da Federação / Município;1;1;543;54
9235;Município (2010);4118204;PARANAGUÁ;25;2010;8030;31/07/2010;SP, São Paulo;35;25;Unidade da Federação / Município;1;1;740;70
9235;Município (2010);4118204;PARANAGUÁ;25;2010;8030;31/07/2010;Ignorado;88;88;Unidade da Federação / Município;1;1;494;50
9235;Município (2010);4119103;PIÊN;26;2010;8030;31/07/2010;RS, Rio Grande do Sul;43;21;Unidade da Federação / Município;1;1;X;X
9235;Município (2010);4119103;PIÊN;26;2010;8030;31/07/2010;SC, Santa Catarina;42;24;Unidade da Federação / Município;1;1;355;78
9235;Município (2010);4119103;PIÊN;26;2010;8030;31/07/2010;SP, São Paulo;35;25;Unidade da Federação / Município;1;1;41;10
9235;Município (2010);4119103;PIÊN;26;2010;8030;31/07/2010;Ignorado;88;88;Unidade da Federação / Município;1;1;69;12
9235;Município (2010);4119152;PINHAIS;27;2010;8030;31/07/2010;AC, Acre;12;1;Unidade da Federação / Município;1;1;X;X
9235;Município (2010);4119152;PINHAIS;27;2010;8030;31/07/2010;AM, Amazonas;13;4;Unidade da Federação / Município;1;1;X;X
9235;Município (2010);4119152;PINHAIS;27;2010;8030;31/07/2010;BA, Bahia;29;5;Unidade da Federação / Município;1;1;314;16
9235;Município (2010);4119152;PINHAIS;27;2010;8030;31/07/2010;DF, Distrito Federal;53;7;Unidade da Federação / Município;1;1;X;X
9235;Município (2010);4119152;PINHAIS;27;2010;8030;31/07/2010;ES, Espirito Santo;32;8;Unidade da Federação / Município;1;1;X;X
9235;Município (2010);4119152;PINHAIS;27;2010;8030;31/07/2010;MA, Maranhão;21;10;Unidade da Federação / Município;1;1;64;9
9235;Município (2010);4119152;PINHAIS;27;2010;8030;31/07/2010;MT, Mato Grosso;51;11;Unidade da Federação / Município;1;1;X;X
9235;Município (2010);4119152;PINHAIS;27;2010;8030;31/07/2010;MS, Mato Grosso do Sul;50;12;Unidade da Federação / Município;1;1;X;X
9235;Município (2010);4119152;PINHAIS;27;2010;8030;31/07/2010;MG, Minas Gerais;31;13;Unidade da Federação / Município;1;1;127;13
9235;Município (2010);4119152;PINHAIS;27;2010;8030;31/07/2010;PA, Para;15;14;Unidade da Federação / Município;1;1;X;X
9235;Município (2010);4119152;PINHAIS;27;2010;8030;31/07/2010;PE, Pernambuco;26;17;Unidade da Federação / Município;1;1;75;8
9235;Município (2010);4119152;PINHAIS;27;2010;8030;31/07/2010;PI, Piauí;22;18;Unidade da Federação / Município;1;1;X;X
9235;Município (2010);4119152;PINHAIS;27;2010;8030;31/07/2010;RJ, Rio de Janeiro;33;19;Unidade da Federação / Município;1;1;73;8
9235;Município (2010);4119152;PINHAIS;27;2010;8030;31/07/2010;RN, Rio Grande do Norte;24;20;Unidade da Federação / Município;1;1;X;X
9235;Município (2010);4119152;PINHAIS;27;2010;8030;31/07/2010;RS, Rio Grande do Sul;43;21;Unidade da Federação / Município;1;1;167;18
9235;Município (2010);4119152;PINHAIS;27;2010;8030;31/07/2010;RO, Rondônia;11;22;Unidade da Federação / Município;1;1;83;8
9235;Município (2010);4119152;PINHAIS;27;2010;8030;31/07/2010;SC, Santa Catarina;42;24;Unidade da Federação / Município;1;1;518;49
9235;Município (2010);4119152;PINHAIS;27;2010;8030;31/07/2010;SP, São Paulo;35;25;Unidade da Federação / Município;1;1;1476;139
9235;Município (2010);4119152;PINHAIS;27;2010;8030;31/07/2010;Ignorado;88;88;Unidade da Federação / Município;1;1;813;80
9235;Município (2010);4119509;PIRAQUARA;28;2010;8030;31/07/2010;AL, Alagoas;27;2;Unidade da Federação / Município;1;1;X;X
9235;Município (2010);4119509;PIRAQUARA;28;2010;8030;31/07/2010;BA, Bahia;29;5;Unidade da Federação / Município;1;1;146;15
9235;Município (2010);4119509;PIRAQUARA;28;2010;8030;31/07/2010;CE, Ceara;23;6;Unidade da Federação / Município;1;1;69;6
9235;Município (2010);4119509;PIRAQUARA;28;2010;8030;31/07/2010;ES, Espirito Santo;32;8;Unidade da Federação / Município;1;1;X;X
9235;Município (2010);4119509;PIRAQUARA;28;2010;8030;31/07/2010;MT, Mato Grosso;51;11;Unidade da Federação / Município;1;1;76;8
9235;Município (2010);4119509;PIRAQUARA;28;2010;8030;31/07/2010;MS, Mato Grosso do Sul;50;12;Unidade da Federação / Município;1;1;64;7
9235;Município (2010);4119509;PIRAQUARA;28;2010;8030;31/07/2010;MG, Minas Gerais;31;13;Unidade da Federação / Município;1;1;128;13
9235;Município (2010);4119509;PIRAQUARA;28;2010;8030;31/07/2010;PA, Para;15;14;Unidade da Federação / Município;1;1;X;X
9235;Município (2010);4119509;PIRAQUARA;28;2010;8030;31/07/2010;PB, Paraíba;25;15;Unidade da Federação / Município;1;1;X;X
9235;Município (2010);4119509;PIRAQUARA;28;2010;8030;31/07/2010;PE, Pernambuco;26;17;Unidade da Federação / Município;1;1;X;X
9235;Município (2010);4119509;PIRAQUARA;28;2010;8030;31/07/2010;PI, Piauí;22;18;Unidade da Federação / Município;1;1;X;X
9235;Município (2010);4119509;PIRAQUARA;28;2010;8030;31/07/2010;RJ, Rio de Janeiro;33;19;Unidade da Federação / Município;1;1;X;X
9235;Município (2010);4119509;PIRAQUARA;28;2010;8030;31/07/2010;RS, Rio Grande do Sul;43;21;Unidade da Federação / Município;1;1;252;22
9235;Município (2010);4119509;PIRAQUARA;28;2010;8030;31/07/2010;RO, Rondônia;11;22;Unidade da Federação / Município;1;1;142;11
9235;Município (2010);4119509;PIRAQUARA;28;2010;8030;31/07/2010;SC, Santa Catarina;42;24;Unidade da Federação / Município;1;1;379;33
9235;Município (2010);4119509;PIRAQUARA;28;2010;8030;31/07/2010;SP, São Paulo;35;25;Unidade da Federação / Município;1;1;683;62
9235;Município (2010);4119509;PIRAQUARA;28;2010;8030;31/07/2010;TO, Tocantins;17;27;Unidade da Federação / Município;1;1;X;X
9235;Município (2010);4119509;PIRAQUARA;28;2010;8030;31/07/2010;Ignorado;88;88;Unidade da Federação / Município;1;1;825;80
9235;Município (2010);4119954;PONTAL DO PARANÁ;29;2010;8030;31/07/2010;AL, Alagoas;27;2;Unidade da Federação / Município;1;1;X;X
9235;Município (2010);4119954;PONTAL DO PARANÁ;29;2010;8030;31/07/2010;BA, Bahia;29;5;Unidade da Federação / Município;1;1;X;X
9235;Município (2010);4119954;PONTAL DO PARANÁ;29;2010;8030;31/07/2010;DF, Distrito Federal;53;7;Unidade da Federação / Município;1;1;X;X
9235;Município (2010);4119954;PONTAL DO PARANÁ;29;2010;8030;31/07/2010;ES, Espirito Santo;32;8;Unidade da Federação / Município;1;1;X;X
9235;Município (2010);4119954;PONTAL DO PARANÁ;29;2010;8030;31/07/2010;GO, Goias;52;9;Unidade da Federação / Município;1;1;40;7
9235;Município (2010);4119954;PONTAL DO PARANÁ;29;2010;8030;31/07/2010;MA, Maranhão;21;10;Unidade da Federação / Município;1;1;X;X
9235;Município (2010);4119954;PONTAL DO PARANÁ;29;2010;8030;31/07/2010;MT, Mato Grosso;51;11;Unidade da Federação / Município;1;1;X;X
9235;Município (2010);4119954;PONTAL DO PARANÁ;29;2010;8030;31/07/2010;MS, Mato Grosso do Sul;50;12;Unidade da Federação / Município;1;1;43;9
9235;Município (2010);4119954;PONTAL DO PARANÁ;29;2010;8030;31/07/2010;MG, Minas Gerais;31;13;Unidade da Federação / Município;1;1;X;X
9235;Município (2010);4119954;PONTAL DO PARANÁ;29;2010;8030;31/07/2010;PA, Para;15;14;Unidade da Federação / Município;1;1;X;X
9235;Município (2010);4119954;PONTAL DO PARANÁ;29;2010;8030;31/07/2010;PB, Paraíba;25;15;Unidade da Federação / Município;1;1;X;X
9235;Município (2010);4119954;PONTAL DO PARANÁ;29;2010;8030;31/07/2010;RS, Rio Grande do Sul;43;21;Unidade da Federação / Município;1;1;107;22
9235;Município (2010);4119954;PONTAL DO PARANÁ;29;2010;8030;31/07/2010;RO, Rondônia;11;22;Unidade da Federação / Município;1;1;X;X
9235;Município (2010);4119954;PONTAL DO PARANÁ;29;2010;8030;31/07/2010;SC, Santa Catarina;42;24;Unidade da Federação / Município;1;1;298;55
9235;Município (2010);4119954;PONTAL DO PARANÁ;29;2010;8030;31/07/2010;SP, São Paulo;35;25;Unidade da Federação / Município;1;1;272;53
9235;Município (2010);4119954;PONTAL DO PARANÁ;29;2010;8030;31/07/2010;SE, Sergipe;28;26;Unidade da Federação / Município;1;1;X;X
9235;Município (2010);4119954;PONTAL DO PARANÁ;29;2010;8030;31/07/2010;Ignorado;88;88;Unidade da Federação / Município;1;1;255;50
9235;Município (2010);4120101;PORTO AMAZONAS;30;2010;8030;31/07/2010;MA, Maranhão;21;10;Unidade da Federação / Município;1;1;X;X
9235;Município (2010);4120101;PORTO AMAZONAS;30;2010;8030;31/07/2010;PA, Para;15;14;Unidade da Federação / Município;1;1;X;X
9235;Município (2010);4120101;PORTO AMAZONAS;30;2010;8030;31/07/2010;SC, Santa Catarina;42;24;Unidade da Federação / Município;1;1;X;X
9235;Município (2010);4120101;PORTO AMAZONAS;30;2010;8030;31/07/2010;Ignorado;88;88;Unidade da Federação / Município;1;1;21;8
9235;Município (2010);4120804;QUATRO BARRAS;31;2010;8030;31/07/2010;BA, Bahia;29;5;Unidade da Federação / Município;1;1;X;X
9235;Município (2010);4120804;QUATRO BARRAS;31;2010;8030;31/07/2010;DF, Distrito Federal;53;7;Unidade da Federação / Município;1;1;X;X
9235;Município (2010);4120804;QUATRO BARRAS;31;2010;8030;31/07/2010;ES, Espirito Santo;32;8;Unidade da Federação / Município;1;1;X;X
9235;Município (2010);4120804;QUATRO BARRAS;31;2010;8030;31/07/2010;MA, Maranhão;21;10;Unidade da Federação / Município;1;1;X;X
9235;Município (2010);4120804;QUATRO BARRAS;31;2010;8030;31/07/2010;MT, Mato Grosso;51;11;Unidade da Federação / Município;1;1;X;X
9235;Município (2010);4120804;QUATRO BARRAS;31;2010;8030;31/07/2010;MS, Mato Grosso do Sul;50;12;Unidade da Federação / Município;1;1;X;X
9235;Município (2010);4120804;QUATRO BARRAS;31;2010;8030;31/07/2010;MG, Minas Gerais;31;13;Unidade da Federação / Município;1;1;53;10
9235;Município (2010);4120804;QUATRO BARRAS;31;2010;8030;31/07/2010;RJ, Rio de Janeiro;33;19;Unidade da Federação / Município;1;1;X;X
9235;Município (2010);4120804;QUATRO BARRAS;31;2010;8030;31/07/2010;RS, Rio Grande do Sul;43;21;Unidade da Federação / Município;1;1;X;X
9235;Município (2010);4120804;QUATRO BARRAS;31;2010;8030;31/07/2010;RO, Rondônia;11;22;Unidade da Federação / Município;1;1;X;X
9235;Município (2010);4120804;QUATRO BARRAS;31;2010;8030;31/07/2010;SC, Santa Catarina;42;24;Unidade da Federação / Município;1;1;78;15
9235;Município (2010);4120804;QUATRO BARRAS;31;2010;8030;31/07/2010;SP, São Paulo;35;25;Unidade da Federação / Município;1;1;272;55
9235;Município (2010);4120804;QUATRO BARRAS;31;2010;8030;31/07/2010;Ignorado;88;88;Unidade da Federação / Município;1;1;67;13
9235;Município (2010);4121208;QUITANDINHA;32;2010;8030;31/07/2010;BA, Bahia;29;5;Unidade da Federação / Município;1;1;X;X
9235;Município (2010);4121208;QUITANDINHA;32;2010;8030;31/07/2010;DF, Distrito Federal;53;7;Unidade da Federação / Município;1;1;X;X
9235;Município (2010);4121208;QUITANDINHA;32;2010;8030;31/07/2010;MT, Mato Grosso;51;11;Unidade da Federação / Município;1;1;X;X
9235;Município (2010);4121208;QUITANDINHA;32;2010;8030;31/07/2010;MG, Minas Gerais;31;13;Unidade da Federação / Município;1;1;X;X
9235;Município (2010);4121208;QUITANDINHA;32;2010;8030;31/07/2010;SC, Santa Catarina;42;24;Unidade da Federação / Município;1;1;59;11
9235;Município (2010);4121208;QUITANDINHA;32;2010;8030;31/07/2010;SP, São Paulo;35;25;Unidade da Federação / Município;1;1;X;X
9235;Município (2010);4121208;QUITANDINHA;32;2010;8030;31/07/2010;Ignorado;88;88;Unidade da Federação / Município;1;1;45;9
9235;Município (2010);4122206;RIO BRANCO DO SUL;33;2010;8030;31/07/2010;MS, Mato Grosso do Sul;50;12;Unidade da Federação / Município;1;1;X;X
9235;Município (2010);4122206;RIO BRANCO DO SUL;33;2010;8030;31/07/2010;PI, Piauí;22;18;Unidade da Federação / Município;1;1;X;X
9235;Município (2010);4122206;RIO BRANCO DO SUL;33;2010;8030;31/07/2010;SC, Santa Catarina;42;24;Unidade da Federação / Município;1;1;X;X
9235;Município (2010);4122206;RIO BRANCO DO SUL;33;2010;8030;31/07/2010;SP, São Paulo;35;25;Unidade da Federação / Município;1;1;X;X
9235;Município (2010);4122206;RIO BRANCO DO SUL;33;2010;8030;31/07/2010;Ignorado;88;88;Unidade da Federação / Município;1;1;X;X
9235;Município (2010);4122305;RIO NEGRO;34;2010;8030;31/07/2010;GO, Goias;52;9;Unidade da Federação / Município;1;1;X;X
9235;Município (2010);4122305;RIO NEGRO;34;2010;8030;31/07/2010;MT, Mato Grosso;51;11;Unidade da Federação / Município;1;1;X;X
9235;Município (2010);4122305;RIO NEGRO;34;2010;8030;31/07/2010;MG, Minas Gerais;31;13;Unidade da Federação / Município;1;1;X;X
9235;Município (2010);4122305;RIO NEGRO;34;2010;8030;31/07/2010;PB, Paraíba;25;15;Unidade da Federação / Município;1;1;X;X
9235;Município (2010);4122305;RIO NEGRO;34;2010;8030;31/07/2010;PE, Pernambuco;26;17;Unidade da Federação / Município;1;1;X;X
9235;Município (2010);4122305;RIO NEGRO;34;2010;8030;31/07/2010;RJ, Rio de Janeiro;33;19;Unidade da Federação / Município;1;1;X;X
9235;Município (2010);4122305;RIO NEGRO;34;2010;8030;31/07/2010;RS, Rio Grande do Sul;43;21;Unidade da Federação / Município;1;1;101;10
9235;Município (2010);4122305;RIO NEGRO;34;2010;8030;31/07/2010;SC, Santa Catarina;42;24;Unidade da Federação / Município;1;1;1057;114
9235;Município (2010);4122305;RIO NEGRO;34;2010;8030;31/07/2010;SP, São Paulo;35;25;Unidade da Federação / Município;1;1;80;7
9235;Município (2010);4122305;RIO NEGRO;34;2010;8030;31/07/2010;Ignorado;88;88;Unidade da Federação / Município;1;1;113;11
9235;Município (2010);4125506;SÃO JOSÉ DOS PINHAIS;35;2010;8030;31/07/2010;AC, Acre;12;1;Unidade da Federação / Município;1;1;X;X
9235;Município (2010);4125506;SÃO JOSÉ DOS PINHAIS;35;2010;8030;31/07/2010;AL, Alagoas;27;2;Unidade da Federação / Município;1;1;X;X
9235;Município (2010);4125506;SÃO JOSÉ DOS PINHAIS;35;2010;8030;31/07/2010;AM, Amazonas;13;4;Unidade da Federação / Município;1;1;X;X
9235;Município (2010);4125506;SÃO JOSÉ DOS PINHAIS;35;2010;8030;31/07/2010;BA, Bahia;29;5;Unidade da Federação / Município;1;1;146;16
9235;Município (2010);4125506;SÃO JOSÉ DOS PINHAIS;35;2010;8030;31/07/2010;CE, Ceara;23;6;Unidade da Federação / Município;1;1;182;16
9235;Município (2010);4125506;SÃO JOSÉ DOS PINHAIS;35;2010;8030;31/07/2010;DF, Distrito Federal;53;7;Unidade da Federação / Município;1;1;X;X
9235;Município (2010);4125506;SÃO JOSÉ DOS PINHAIS;35;2010;8030;31/07/2010;ES, Espirito Santo;32;8;Unidade da Federação / Município;1;1;X;X
9235;Município (2010);4125506;SÃO JOSÉ DOS PINHAIS;35;2010;8030;31/07/2010;GO, Goias;52;9;Unidade da Federação / Município;1;1;X;X
9235;Município (2010);4125506;SÃO JOSÉ DOS PINHAIS;35;2010;8030;31/07/2010;MA, Maranhão;21;10;Unidade da Federação / Município;1;1;52;7
9235;Município (2010);4125506;SÃO JOSÉ DOS PINHAIS;35;2010;8030;31/07/2010;MT, Mato Grosso;51;11;Unidade da Federação / Município;1;1;226;21
9235;Município (2010);4125506;SÃO JOSÉ DOS PINHAIS;35;2010;8030;31/07/2010;MS, Mato Grosso do Sul;50;12;Unidade da Federação / Município;1;1;270;25
9235;Município (2010);4125506;SÃO JOSÉ DOS PINHAIS;35;2010;8030;31/07/2010;MG, Minas Gerais;31;13;Unidade da Federação / Município;1;1;257;25
9235;Município (2010);4125506;SÃO JOSÉ DOS PINHAIS;35;2010;8030;31/07/2010;PA, Para;15;14;Unidade da Federação / Município;1;1;81;8
9235;Município (2010);4125506;SÃO JOSÉ DOS PINHAIS;35;2010;8030;31/07/2010;PB, Paraíba;25;15;Unidade da Federação / Município;1;1;79;8
9235;Município (2010);4125506;SÃO JOSÉ DOS PINHAIS;35;2010;8030;31/07/2010;PE, Pernambuco;26;17;Unidade da Federação / Município;1;1;X;X
9235;Município (2010);4125506;SÃO JOSÉ DOS PINHAIS;35;2010;8030;31/07/2010;PI, Piauí;22;18;Unidade da Federação / Município;1;1;X;X
9235;Município (2010);4125506;SÃO JOSÉ DOS PINHAIS;35;2010;8030;31/07/2010;RJ, Rio de Janeiro;33;19;Unidade da Federação / Município;1;1;215;19
9235;Município (2010);4125506;SÃO JOSÉ DOS PINHAIS;35;2010;8030;31/07/2010;RS, Rio Grande do Sul;43;21;Unidade da Federação / Município;1;1;707;72
9235;Município (2010);4125506;SÃO JOSÉ DOS PINHAIS;35;2010;8030;31/07/2010;RO, Rondônia;11;22;Unidade da Federação / Município;1;1;195;19
9235;Município (2010);4125506;SÃO JOSÉ DOS PINHAIS;35;2010;8030;31/07/2010;SC, Santa Catarina;42;24;Unidade da Federação / Município;1;1;1667;170
9235;Município (2010);4125506;SÃO JOSÉ DOS PINHAIS;35;2010;8030;31/07/2010;SP, São Paulo;35;25;Unidade da Federação / Município;1;1;3706;368
9235;Município (2010);4125506;SÃO JOSÉ DOS PINHAIS;35;2010;8030;31/07/2010;SE, Sergipe;28;26;Unidade da Federação / Município;1;1;X;X
9235;Município (2010);4125506;SÃO JOSÉ DOS PINHAIS;35;2010;8030;31/07/2010;Ignorado;88;88;Unidade da Federação / Município;1;1;1890;185
9235;Município (2010);4127601;TIJUCAS DO SUL;36;2010;8030;31/07/2010;BA, Bahia;29;5;Unidade da Federação / Município;1;1;X;X
9235;Município (2010);4127601;TIJUCAS DO SUL;36;2010;8030;31/07/2010;MT, Mato Grosso;51;11;Unidade da Federação / Município;1;1;X;X
9235;Município (2010);4127601;TIJUCAS DO SUL;36;2010;8030;31/07/2010;MS, Mato Grosso do Sul;50;12;Unidade da Federação / Município;1;1;X;X
9235;Município (2010);4127601;TIJUCAS DO SUL;36;2010;8030;31/07/2010;PB, Paraíba;25;15;Unidade da Federação / Município;1;1;X;X
9235;Município (2010);4127601;TIJUCAS DO SUL;36;2010;8030;31/07/2010;RS, Rio Grande do Sul;43;21;Unidade da Federação / Município;1;1;47;8
9235;Município (2010);4127601;TIJUCAS DO SUL;36;2010;8030;31/07/2010;SC, Santa Catarina;42;24;Unidade da Federação / Município;1;1;274;54
9235;Município (2010);4127601;TIJUCAS DO SUL;36;2010;8030;31/07/2010;SP, São Paulo;35;25;Unidade da Federação / Município;1;1;37;7
9235;Município (2010);4127601;TIJUCAS DO SUL;36;2010;8030;31/07/2010;Ignorado;88;88;Unidade da Federação / Município;1;1;55;9
9235;Município (2010);4127882;TUNAS DO PARANÁ;37;2010;8030;31/07/2010;ES, Espirito Santo;32;8;Unidade da Federação / Município;1;1;X;X
9235;Município (2010);4127882;TUNAS DO PARANÁ;37;2010;8030;31/07/2010;GO, Goias;52;9;Unidade da Federação / Município;1;1;X;X
9235;Município (2010);4127882;TUNAS DO PARANÁ;37;2010;8030;31/07/2010;MS, Mato Grosso do Sul;50;12;Unidade da Federação / Município;1;1;X;X
9235;Município (2010);4127882;TUNAS DO PARANÁ;37;2010;8030;31/07/2010;RJ, Rio de Janeiro;33;19;Unidade da Federação / Município;1;1;X;X
9235;Município (2010);4127882;TUNAS DO PARANÁ;37;2010;8030;31/07/2010;RS, Rio Grande do Sul;43;21;Unidade da Federação / Município;1;1;X;X
9235;Município (2010);4127882;TUNAS DO PARANÁ;37;2010;8030;31/07/2010;SC, Santa Catarina;42;24;Unidade da Federação / Município;1;1;19;7
9235;Município (2010);4127882;TUNAS DO PARANÁ;37;2010;8030;31/07/2010;SP, São Paulo;35;25;Unidade da Federação / Município;1;1;108;39
9235;Município (2010);4127882;TUNAS DO PARANÁ;37;2010;8030;31/07/2010;Ignorado;88;88;Unidade da Federação / Município;1;1;49;17
9235;Município (2010);4128633;DOUTOR ULYSSES;38;2010;8030;31/07/2010;SC, Santa Catarina;42;24;Unidade da Federação / Município;1;1;X;X
9235;Município (2010);4128633;DOUTOR ULYSSES;38;2010;8030;31/07/2010;SP, São Paulo;35;25;Unidade da Federação / Município;1;1;X;X
9235;Município (2010);4128633;DOUTOR ULYSSES;38;2010;8030;31/07/2010;Ignorado;88;88;Unidade da Federação / Município;1;1;X;X
